{
  "layer": 20,
  "n_perm": 200,
  "statistic": "max_i (mean_A - mean_C)_i, raw difference",
  "actual_max_raw_diff": 31.548410415649414,
  "actual_max_feature": 32345,
  "actual_top10_raw_diff": [
    31.548410415649414,
    27.658626556396484,
    22.032209396362305,
    11.86994457244873,
    11.834464073181152,
    11.659069061279297,
    11.391151428222656,
    10.593305587768555,
    10.345256805419922,
    10.177936553955078
  ],
  "null_max_mean": 1.4335060119628906,
  "null_max_ci_95": [
    0.604926586151123,
    3.341459274291992
  ],
  "null_max_diffs": [
    1.58154296875,
    0.7022538185119629,
    1.3358783721923828,
    1.0843658447265625,
    0.7938868999481201,
    0.5926903486251831,
    4.538354873657227,
    0.7897306680679321,
    1.9623336791992188,
    1.1181225776672363,
    2.4739861488342285,
    1.7657041549682617,
    0.9173049926757812,
    1.5210018157958984,
    1.1425666809082031,
    2.0535573959350586,
    1.658721923828125,
    0.9426202774047852,
    1.204756736755371,
    3.1330795288085938,
    0.7445765733718872,
    1.2274513244628906,
    1.316108226776123,
    1.319821834564209,
    2.315175771713257,
    4.033369064331055,
    0.5990691184997559,
    1.2079973220825195,
    0.838099479675293,
    0.6990985870361328,
    0.7641556262969971,
    0.8519604206085205,
    1.1871089935302734,
    0.7764493227005005,
    1.2845077514648438,
    1.9220733642578125,
    0.5192327499389648,
    1.2637786865234375,
    0.8940448760986328,
    0.8560600280761719,
    0.7944927215576172,
    0.7204837799072266,
    1.049830436706543,
    1.0581965446472168,
    1.473799228668213,
    0.7468322515487671,
    0.8235254287719727,
    0.9512262344360352,
    2.5332489013671875,
    0.9194413423538208,
    1.0798368453979492,
    2.22918701171875,
    0.8169918060302734,
    1.1918559074401855,
    1.0539630651474,
    2.1510300636291504,
    0.8097727298736572,
    1.5970559120178223,
    1.4576416015625,
    1.0063962936401367,
    1.1686954498291016,
    0.9676580429077148,
    2.326385498046875,
    1.5798110961914062,
    1.0746088027954102,
    1.5019111633300781,
    1.1090259552001953,
    1.1963119506835938,
    3.4258041381835938,
    0.8461260795593262,
    0.6144824028015137,
    0.9976329803466797,
    2.6124801635742188,
    2.4504714012145996,
    0.835205078125,
    1.7072467803955078,
    3.0952682495117188,
    0.9731402397155762,
    1.3462846279144287,
    1.1602783203125,
    1.251424789428711,
    1.7476577758789062,
    1.2961845397949219,
    0.7852625846862793,
    1.2056989669799805,
    1.6150462627410889,
    0.7248769998550415,
    1.6119232177734375,
    1.9669380187988281,
    2.0486249923706055,
    0.7375547885894775,
    0.7532968521118164,
    0.8564777374267578,
    1.9790420532226562,
    1.891077995300293,
    1.2094802856445312,
    1.531646728515625,
    1.0007858276367188,
    1.1268539428710938,
    1.5465211868286133,
    2.032740354537964,
    0.9339175224304199,
    1.548661231994629,
    1.903714656829834,
    1.0150028467178345,
    1.2474515438079834,
    0.7740659713745117,
    0.8061923980712891,
    0.7068116664886475,
    2.0631790161132812,
    2.4008026123046875,
    1.5111169815063477,
    1.012408971786499,
    1.2605304718017578,
    1.0276470184326172,
    1.616809368133545,
    0.960052490234375,
    1.0338716506958008,
    2.214369773864746,
    1.669468641281128,
    2.5441513061523438,
    0.5693912506103516,
    1.0371417999267578,
    1.7364912033081055,
    0.8274414539337158,
    0.9209961891174316,
    1.4898099899291992,
    1.7537078857421875,
    1.550140380859375,
    1.905710220336914,
    1.7299394607543945,
    1.5687470436096191,
    0.8278121948242188,
    1.1762008666992188,
    2.6925172805786133,
    1.3556017875671387,
    0.605076789855957,
    1.4547309875488281,
    1.4689815044403076,
    1.8427069187164307,
    1.3804330825805664,
    0.8938727378845215,
    1.2150113582611084,
    3.355133056640625,
    1.8941617012023926,
    0.9195902347564697,
    1.3420820236206055,
    2.0769128799438477,
    1.3086457252502441,
    1.4556150436401367,
    1.8953857421875,
    4.9094696044921875,
    0.7042760848999023,
    3.1576690673828125,
    0.8671197891235352,
    1.1680221557617188,
    0.87408447265625,
    0.9089534282684326,
    0.5824174880981445,
    1.7684860229492188,
    1.4562046527862549,
    2.5934572219848633,
    1.7263100147247314,
    0.7924895286560059,
    1.2898094654083252,
    0.9182224273681641,
    2.407219886779785,
    2.6354503631591797,
    1.133267879486084,
    1.0085182189941406,
    0.9435889720916748,
    3.341108560562134,
    1.1654834747314453,
    1.2807388305664062,
    1.4672975540161133,
    0.7080109119415283,
    1.0350027084350586,
    1.4314196109771729,
    1.1243658065795898,
    1.5824499130249023,
    1.1832730770111084,
    2.4102907180786133,
    0.8059847354888916,
    1.8970880508422852,
    0.8849972486495972,
    1.0979833602905273,
    0.8350296020507812,
    1.698974609375,
    1.099926471710205,
    0.9282751083374023,
    1.8356947898864746,
    1.1535367965698242,
    2.1547698974609375,
    1.0323457717895508,
    0.8189697265625,
    2.626300811767578,
    2.5965323448181152,
    1.2064132690429688,
    1.3208556175231934,
    1.327470302581787
  ],
  "p_value": 0.0,
  "ratio_actual_to_null_mean": 22.00786753063587,
  "actual_top1_z": 31.548410415649414,
  "actual_top1_feature": 32345,
  "actual_top10_z": [
    31.548410415649414,
    27.658626556396484,
    22.032209396362305,
    11.86994457244873,
    11.834464073181152,
    11.659069061279297,
    11.391151428222656,
    10.593305587768555,
    10.345256805419922,
    10.177936553955078
  ],
  "null_top1_mean": 1.4335060119628906,
  "null_top1_ci_95": [
    0.604926586151123,
    3.341459274291992
  ]
}