{
  "layer": 20,
  "n_perm": 200,
  "actual_top1_z": 31.548410415649414,
  "actual_top1_feature": 32345,
  "actual_top10_z": [
    31.548410415649414,
    27.658626556396484,
    22.032209396362305,
    11.86994457244873,
    11.834464073181152,
    11.659069061279297,
    11.391151428222656,
    10.593305587768555,
    10.345256805419922,
    10.177936553955078
  ],
  "null_top1_mean": 1.4335060119628906,
  "null_top1_ci_95": [
    0.604926586151123,
    3.341459274291992
  ],
  "p_value": 0.0,
  "ratio_actual_to_null_mean": 22.00786753063587
}