{
  "prompt": "What's a question that fascinates you?",
  "feature": 29108,
  "layer": 20,
  "results": [
    {
      "coef": -1000.0,
      "entropy": 3.439455509185791,
      "top_tokens": [
        [
          "*******",
          0.1800219714641571
        ],
        [
          "1",
          0.11806129664182663
        ],
        [
          "2",
          0.06940466165542603
        ],
        [
          "******",
          0.06029981002211571
        ],
        [
          "\ufffd",
          0.05983055382966995
        ]
      ],
      "cluster_probs": {
        "consciousness": 2.22032148222695e-09,
        "reality": 6.117048645393197e-09,
        "philosophy": 2.4862709113726567e-10,
        "experience": 2.495629571053204e-11,
        "meaning": 4.0087213548645195e-09,
        "existence": 1.2473636490026307e-12,
        "understanding": 3.921441475540632e-06,
        "emotion": 1.986103503881509e-10
      }
    },
    {
      "coef": -750.0,
      "entropy": 2.804112434387207,
      "top_tokens": [
        [
          "*******",
          0.19012470543384552
        ],
        [
          "1",
          0.12864482402801514
        ],
        [
          "******",
          0.12085063010454178
        ],
        [
          "****************************",
          0.0884162038564682
        ],
        [
          "2",
          0.08436732739210129
        ]
      ],
      "cluster_probs": {
        "consciousness": 1.0225755353587829e-08,
        "reality": 1.9672199869091855e-08,
        "philosophy": 8.719663324718852e-10,
        "experience": 1.2946040073291698e-11,
        "meaning": 1.3814114296906155e-08,
        "existence": 9.926072117028006e-12,
        "understanding": 2.9200489734648727e-05,
        "emotion": 4.79199957492682e-10
      }
    },
    {
      "coef": -500.0,
      "entropy": 2.3906209468841553,
      "top_tokens": [
        [
          "******",
          0.33627960085868835
        ],
        [
          "*******",
          0.14238975942134857
        ],
        [
          "1",
          0.11263956129550934
        ],
        [
          " *",
          0.07387083023786545
        ],
        [
          " **",
          0.07387083023786545
        ]
      ],
      "cluster_probs": {
        "consciousness": 4.450992605598003e-07,
        "reality": 5.582795665759477e-07,
        "philosophy": 1.574464825182531e-08,
        "experience": 8.80348086096383e-11,
        "meaning": 1.7704824983866274e-07,
        "existence": 1.3025358569507262e-09,
        "understanding": 0.0003816287498921156,
        "emotion": 4.519736140906616e-09
      }
    },
    {
      "coef": -250.0,
      "entropy": 1.8202985525131226,
      "top_tokens": [
        [
          "******",
          0.38977405428886414
        ],
        [
          " **",
          0.3131922483444214
        ],
        [
          "*******",
          0.10994081944227219
        ],
        [
          " curiosity",
          0.0480295866727829
        ],
        [
          "1",
          0.026524456217885017
        ]
      ],
      "cluster_probs": {
        "consciousness": 0.0005252884584479034,
        "reality": 0.00021726873819716275,
        "philosophy": 4.570659939417965e-07,
        "experience": 2.848244529118915e-09,
        "meaning": 1.2353599231573753e-05,
        "existence": 2.843960373866139e-06,
        "understanding": 0.0013413710985332727,
        "emotion": 8.004911222769806e-08
      }
    },
    {
      "coef": 0.0,
      "entropy": 1.684146523475647,
      "top_tokens": [
        [
          " consciousness",
          0.3462895452976227
        ],
        [
          " **",
          0.31530022621154785
        ],
        [
          " reality",
          0.16615153849124908
        ],
        [
          "******",
          0.0797203779220581
        ],
        [
          "*******",
          0.04542330652475357
        ]
      ],
      "cluster_probs": {
        "consciousness": 0.3462895452976227,
        "reality": 0.16615153849124908,
        "philosophy": 9.590189620212186e-07,
        "experience": 3.9051772660059214e-07,
        "meaning": 0.0013932654401287436,
        "existence": 0.005597249139100313,
        "understanding": 3.952390034100972e-05,
        "emotion": 3.640025170170702e-07
      }
    },
    {
      "coef": 250.0,
      "entropy": 1.3862462043762207,
      "top_tokens": [
        [
          " reality",
          0.32390546798706055
        ],
        [
          " consciousness",
          0.3139399290084839
        ],
        [
          " **",
          0.30907273292541504
        ],
        [
          " existence",
          0.011615341529250145
        ],
        [
          "******",
          0.01143526192754507
        ]
      ],
      "cluster_probs": {
        "consciousness": 0.3139399290084839,
        "reality": 0.32390546798706055,
        "philosophy": 1.766353108223484e-07,
        "experience": 9.872662303678226e-06,
        "meaning": 0.0006252846796996891,
        "existence": 0.011615341529250145,
        "understanding": 2.053317984973546e-06,
        "emotion": 1.176644843781105e-07
      }
    },
    {
      "coef": 500.0,
      "entropy": 1.296670913696289,
      "top_tokens": [
        [
          " **",
          0.5162264704704285
        ],
        [
          " consciousness",
          0.2636626958847046
        ],
        [
          " reality",
          0.17023341357707977
        ],
        [
          " existence",
          0.011952262371778488
        ],
        [
          "1",
          0.006704611703753471
        ]
      ],
      "cluster_probs": {
        "consciousness": 0.2636626958847046,
        "reality": 0.17023341357707977,
        "philosophy": 1.2688818173955951e-07,
        "experience": 0.00015045679174363613,
        "meaning": 0.0001458277110941708,
        "existence": 0.011952262371778488,
        "understanding": 9.902859119392815e-07,
        "emotion": 8.89289211158939e-08
      }
    },
    {
      "coef": 750.0,
      "entropy": 1.4185144901275635,
      "top_tokens": [
        [
          " consciousness",
          0.44436749815940857
        ],
        [
          " **",
          0.38607314229011536
        ],
        [
          " reality",
          0.08887910097837448
        ],
        [
          " existence",
          0.021110637113451958
        ],
        [
          " interconnected",
          0.00886924285441637
        ]
      ],
      "cluster_probs": {
        "consciousness": 0.44436749815940857,
        "reality": 0.08887910097837448,
        "philosophy": 1.7454148348861054e-07,
        "experience": 0.001308036153204739,
        "meaning": 2.5304183509433642e-05,
        "existence": 0.021110637113451958,
        "understanding": 4.1060482658394903e-07,
        "emotion": 8.845332644114023e-08
      }
    },
    {
      "coef": 1000.0,
      "entropy": 1.9462834596633911,
      "top_tokens": [
        [
          " consciousness",
          0.5641273260116577
        ],
        [
          " **",
          0.13610205054283142
        ],
        [
          " reality",
          0.05499019846320152
        ],
        [
          " existence",
          0.04777631536126137
        ],
        [
          " interconnected",
          0.04418586939573288
        ]
      ],
      "cluster_probs": {
        "consciousness": 0.5641273260116577,
        "reality": 0.05499019846320152,
        "philosophy": 4.528832278083428e-07,
        "experience": 0.004109926056116819,
        "meaning": 8.920463187678251e-06,
        "existence": 0.04777631536126137,
        "understanding": 3.9040978094817547e-07,
        "emotion": 1.381215923856871e-07
      }
    }
  ]
}