{
  "prompt": "What's a question that fascinates you?",
  "feature": 29108,
  "layer": 20,
  "results": [
    {
      "coef": -1000.0,
      "entropy": 1.0364434719085693,
      "top_tokens": [
        [
          "A",
          0.807124674320221
        ],
        [
          "*A",
          0.05756145715713501
        ],
        [
          "What",
          0.03129562363028526
        ],
        [
          "Ah",
          0.014106040820479393
        ],
        [
          "Let",
          0.01325140055269003
        ]
      ],
      "cluster_probs": {
        "consciousness": 1.63340071719989e-14,
        "reality": 4.894058431050821e-16,
        "philosophy": 2.0248749508719466e-14,
        "experience": 1.3199900987379736e-15,
        "meaning": 1.0463957886210507e-14,
        "existence": 1.8145442875058061e-16,
        "understanding": 1.1354209239478052e-10,
        "emotion": 6.717570971053258e-14
      }
    },
    {
      "coef": -750.0,
      "entropy": 0.5241693258285522,
      "top_tokens": [
        [
          "A",
          0.8936368823051453
        ],
        [
          "What",
          0.05894174426794052
        ],
        [
          "*A",
          0.018259301781654358
        ],
        [
          "Ah",
          0.0074936021119356155
        ],
        [
          "Here",
          0.00447463383898139
        ]
      ],
      "cluster_probs": {
        "consciousness": 2.515356028188185e-15,
        "reality": 1.0900007912975624e-17,
        "philosophy": 2.5055497159995853e-15,
        "experience": 2.9169935349086383e-17,
        "meaning": 5.079642688049748e-17,
        "existence": 1.0815183022700149e-17,
        "understanding": 8.219061715941667e-12,
        "emotion": 2.353746165258564e-15
      }
    },
    {
      "coef": -500.0,
      "entropy": 0.4130781888961792,
      "top_tokens": [
        [
          "A",
          0.8866333365440369
        ],
        [
          "What",
          0.10263526439666748
        ],
        [
          "Ah",
          0.0032480554655194283
        ],
        [
          "*A",
          0.002451761160045862
        ],
        [
          "Sure",
          0.0012719569494947791
        ]
      ],
      "cluster_probs": {
        "consciousness": 5.5468222542699795e-16,
        "reality": 1.4750736530455197e-18,
        "philosophy": 9.453910483641801e-16,
        "experience": 7.260567073336237e-18,
        "meaning": 4.202093641791325e-18,
        "existence": 1.8792927267648437e-18,
        "understanding": 8.44517164533265e-13,
        "emotion": 5.634172526955579e-16
      }
    },
    {
      "coef": -250.0,
      "entropy": 0.4992741048336029,
      "top_tokens": [
        [
          "A",
          0.8261405229568481
        ],
        [
          "What",
          0.1678406298160553
        ],
        [
          "\"What",
          0.0022844835184514523
        ],
        [
          "\u201cWhat",
          0.0015217940090224147
        ],
        [
          "Ah",
          0.0005959431291557848
        ]
      ],
      "cluster_probs": {
        "consciousness": 3.8103528978050935e-17,
        "reality": 5.751914126721704e-19,
        "philosophy": 1.299135724060099e-16,
        "experience": 2.6492888960060086e-18,
        "meaning": 5.135881188292611e-19,
        "existence": 8.534048746091612e-19,
        "understanding": 1.0061573190551457e-14,
        "emotion": 8.790392783063862e-17
      }
    },
    {
      "coef": 0.0,
      "entropy": 0.7895267009735107,
      "top_tokens": [
        [
          "What",
          0.5853025913238525
        ],
        [
          "A",
          0.38989558815956116
        ],
        [
          "\"What",
          0.019411757588386536
        ],
        [
          "\u201cWhat",
          0.004610696341842413
        ],
        [
          "That",
          0.0001436506281606853
        ]
      ],
      "cluster_probs": {
        "consciousness": 7.1123735306943e-17,
        "reality": 9.739012773962534e-18,
        "philosophy": 5.755012364793246e-16,
        "experience": 5.527488446007492e-18,
        "meaning": 5.151416674172122e-19,
        "existence": 2.4483872806551e-17,
        "understanding": 6.8275747163967e-16,
        "emotion": 1.2427868572440067e-16
      }
    },
    {
      "coef": 250.0,
      "entropy": 0.7003821134567261,
      "top_tokens": [
        [
          "What",
          0.757541835308075
        ],
        [
          "A",
          0.19153660535812378
        ],
        [
          "\"What",
          0.04549392685294151
        ],
        [
          "\u201cWhat",
          0.004504508804529905
        ],
        [
          "**",
          0.0003697526117321104
        ]
      ],
      "cluster_probs": {
        "consciousness": 3.620600320204323e-14,
        "reality": 1.7508079540188085e-14,
        "philosophy": 2.623145671759152e-14,
        "experience": 7.63637736097227e-16,
        "meaning": 4.2725360946021574e-17,
        "existence": 1.2489910093584772e-13,
        "understanding": 2.6614560825788695e-15,
        "emotion": 4.6210928523148214e-15
      }
    },
    {
      "coef": 500.0,
      "entropy": 0.9656298160552979,
      "top_tokens": [
        [
          "What",
          0.6201123595237732
        ],
        [
          "A",
          0.2839081287384033
        ],
        [
          "\"What",
          0.07883843779563904
        ],
        [
          "\"",
          0.004809175617992878
        ],
        [
          "\u201cWhat",
          0.0033052945509552956
        ]
      ],
      "cluster_probs": {
        "consciousness": 1.6963266902259022e-10,
        "reality": 8.80042635986733e-11,
        "philosophy": 1.778940710017718e-12,
        "experience": 1.6324476492801665e-12,
        "meaning": 6.78413420818029e-14,
        "existence": 3.852712870955344e-10,
        "understanding": 8.07725685381816e-13,
        "emotion": 1.0938349835273864e-12
      }
    },
    {
      "coef": 750.0,
      "entropy": 1.1369869709014893,
      "top_tokens": [
        [
          "A",
          0.6320364475250244
        ],
        [
          "What",
          0.251406729221344
        ],
        [
          "\"",
          0.049504924565553665
        ],
        [
          "\"What",
          0.024892639368772507
        ],
        [
          "You",
          0.008875743485987186
        ]
      ],
      "cluster_probs": {
        "consciousness": 2.1607737821227602e-08,
        "reality": 5.274559899959286e-09,
        "philosophy": 5.387497392650431e-11,
        "experience": 1.6757513432441584e-10,
        "meaning": 8.669072404376976e-12,
        "existence": 2.2206727123830206e-08,
        "understanding": 1.980982045068913e-11,
        "emotion": 3.128719852640849e-11
      }
    },
    {
      "coef": 1000.0,
      "entropy": 1.4752912521362305,
      "top_tokens": [
        [
          "A",
          0.6397409439086914
        ],
        [
          "What",
          0.1012217104434967
        ],
        [
          "You",
          0.09508899599313736
        ],
        [
          "\"",
          0.04933152347803116
        ],
        [
          "Everything",
          0.044220492243766785
        ]
      ],
      "cluster_probs": {
        "consciousness": 4.658023158299329e-07,
        "reality": 1.6804470703846164e-07,
        "philosophy": 1.2582211939005106e-09,
        "experience": 5.761415344807119e-09,
        "meaning": 1.7504482585639636e-10,
        "existence": 5.707129275833722e-07,
        "understanding": 1.066376500991062e-10,
        "emotion": 3.8149386427654974e-10
      }
    }
  ]
}